participant,n_videos,n_segments,n_recipes,pct_videos_multi_activity,pct_videos_3plus_activity,mean_segments_per_video,max_segments_per_video,pct_recipes_fragmented,mean_segments_per_recipe,max_segments_per_recipe,recipe_time_sec,incidental_time_sec,pct_time_incidental,pct_videos_concurrent_recipes,total_interruptions
P01,27,119,8,77.77777777777777,59.25925925925926,4.407407407407407,17,100.0,8.125,16,9764.0,4691.0,32.45243860255967,29.62962962962963,33
P02,13,127,10,100.0,92.3076923076923,9.76923076923077,30,90.0,9.7,17,8595.0,3489.0,28.872889771598807,38.46153846153846,65
P03,21,339,10,85.71428571428571,76.19047619047619,16.142857142857142,79,100.0,16.9,37,11690.0,11968.0,50.58753909882492,9.523809523809524,286
P04,18,204,6,94.44444444444444,88.88888888888889,11.333333333333334,30,100.0,21.166666666666668,34,10683.0,4576.0,29.988859034012712,22.22222222222222,60
P05,26,54,6,50.0,38.46153846153846,2.076923076923077,8,100.0,5.666666666666667,11,4271.0,1445.0,25.279916025192442,0.0,0
P06,11,46,7,81.81818181818181,54.54545454545455,4.181818181818182,8,71.42857142857143,2.2857142857142856,4,6710.0,3547.0,34.581261577459294,27.272727272727273,2
P07,9,46,7,77.77777777777777,77.77777777777777,5.111111111111111,11,71.42857142857143,2.857142857142857,5,4047.0,4664.0,53.541499253817015,22.22222222222222,6
P08,11,211,9,90.9090909090909,90.9090909090909,19.181818181818183,39,88.88888888888889,15.666666666666666,40,10117.0,2073.0,17.00574241181296,0.0,56
P09,13,344,6,84.61538461538461,69.23076923076923,26.46153846153846,78,100.0,34.666666666666664,45,11268.0,4884.0,30.237741456166418,23.076923076923077,201
