instance_id,recipe,session,video_id,narration_id,node,node_label,verb_category,start_s,end_s,duration_s,aligned_position,step_segment,prev,next,gap_after_s,node_recurs_in_sessions,is_recurring,narration
P01_R01|Session1|0,P01_R01,Session 1,P01-20240202-110250,P01-20240202-110250-1,open storage,open cupboard,access,7.4,8.7,1.3,0.0726,1,,one-off,0.1,2,1,Open the upper cupboard by holding the handle of the cupboard with the left hand.
P01_R01|Session1|1,P01_R01,Session 1,P01-20240202-110250,P01-20240202-110250-2,,,manipulate,8.8,9.3,0.5,0.0863,1,open cupboard,pick up mug,0.0,1,0,Stretch the left hand inside the cupboard in the lower shelf to reach a mug at the far side of the cupboard.
P01_R01|Session1|2,P01_R01,Session 1,P01-20240202-110250,P01-20240202-110250-3,take crockery,pick up mug,retrieve,9.3,11.1,1.8,0.0911,1,one-off,turn mug,0.1,3,1,Pick up a mug from the lower shelf of the cupboard that is upside down using the left hand.
P01_R01|Session1|3,P01_R01,Session 1,P01-20240202-110250,P01-20240202-110250-4,turn crockery,turn mug,manipulate,11.2,11.6,0.4,0.1087,1,pick up mug,one-off,-0.1,2,1,Turn the mug in the left hand to face the camera so as to check how clean it is.
P01_R01|Session1|4,P01_R01,Session 1,P01-20240202-110250,P01-20240202-110250-5,,,block,11.5,12.2,0.7,0.1122,1,turn mug,one-off,1.5,1,0,Close the cupboard using the right hand.
P01_R01|Session1|5,P01_R01,Session 1,P01-20240202-110250,P01-20240202-110250-6,,,manipulate,13.7,14.1,0.4,0.1339,1,one-off,put down mug,0.1,1,0,"Using the left hand, flip the bottom part of the coffee machine so as to put the mug using the right hand in the right place under the nozzle of the coffee machine."
P01_R01|Session1|6,P01_R01,Session 1,P01-20240202-110250,P01-20240202-110250-7,put crockery,put down mug,leave,14.2,14.6,0.4,0.1385,1,one-off,pick up coffee pod,0.2,3,1,Put the mug that is in the right hand under the nozzle of the coffee machine.
P01_R01|Session1|7,P01_R01,Session 1,P01-20240202-110250,P01-20240202-110250-8,take drinks,pick up coffee pod,retrieve,14.8,15.1,0.3,0.1444,1,put down mug,press button,0.3,3,1,"Using the left hand, pick up the coffee capsule from the countertop to the left of the coffee machine."
P01_R01|Session1|8,P01_R01,Session 1,P01-20240202-110250,P01-20240202-110250-9,press appliances,press button,manipulate,15.4,15.7,0.3,0.1498,1,pick up coffee pod,lift handle,0.4,2,1,Press down the button to turn on the coffee machine using the right hand.
P01_R01|Session1|9,P01_R01,Session 1,P01-20240202-110250,P01-20240202-110250-10,lift cookware,lift handle,retrieve,16.1,16.7,0.6,0.1566,1,press button,one-off,-0.6,2,1,Lift the handle of the coffee machine using the right hand so that to expose the gap where the coffee capsule should fit.
P01_R01|Session1|10,P01_R01,Session 1,P01-20240202-110250,P01-20240202-110250-11,,,manipulate,16.1,17.3,1.2,0.1568,1,lift handle,one-off,0.1,1,0,Slide the coffee capsule that is in the left hand inside the gap of the coffee machine.
P01_R01|Session1|11,P01_R01,Session 1,P01-20240202-110250,P01-20240202-110250-12,,,manipulate,17.4,18.0,0.6,0.1687,2,one-off,open fridge,1.8,1,0,"Using the right hand, pull down the handle of the coffee machine so as to lock the coffee capsule inside."
P01_R01|Session1|12,P01_R01,Session 1,P01-20240202-110250,P01-20240202-110250-13,open appliances,open fridge,access,19.8,21.2,1.4,0.1843,2,one-off,pick up milk bottle,0.2,3,1,Open the fridge.
P01_R01|Session1|13,P01_R01,Session 1,P01-20240202-110250,P01-20240202-110250-14,take containers,pick up milk bottle,retrieve,21.4,22.0,0.6,0.1952,2,open fridge,close fridge,0.1,3,1,"Using the left hand, pick up the milk bottle using the handle, which is located in the lower shelf of the door of the fridge."
P01_R01|Session1|14,P01_R01,Session 1,P01-20240202-110250,P01-20240202-110250-15,close appliances,close fridge,block,22.1,23.5,1.4,0.1999,2,pick up milk bottle,one-off,1.1,3,1,Close the fridge.
P01_R01|Session1|15,P01_R01,Session 1,P01-20240202-110250,P01-20240202-110250-16,,,manipulate,24.6,25.5,0.9,0.2161,2,close fridge,open milk bottle,0.3,1,0,Slide the milk frother and its base on the counter to get it closer to where the person is standing.
P01_R01|Session1|16,P01_R01,Session 1,P01-20240202-110250,P01-20240202-110250-17,open containers,open milk bottle,access,25.8,26.9,1.1,0.2241,2,one-off,lift lid,0.1,3,1,"Open the milk bottle by holding it with the right hand, holding the lid with the left hand, and rotating the lid counterclockwise."
P01_R01|Session1|17,P01_R01,Session 1,P01-20240202-110250,P01-20240202-110250-18,lift containers,lift lid,retrieve,27.0,27.5,0.5,0.2324,2,open milk bottle,lift lid,0.1,2,1,"While holding the milk bottle lid with the left hand, using the right hand tilt the milk bottle to pour milk from the bottle into the milk frother."
P01_R01|Session1|18,P01_R01,Session 1,P01-20240202-110250,P01-20240202-110250-19,lift containers,lift lid,retrieve,27.6,33.8,6.2,0.2364,2,lift lid,turn on milk frother,-3.1,2,1,Tilt the milk bottle up after the milk has been poured. Place the lid from the left hand on top of the milk bottle. Rotate clockwise to close the milk bottle.
P01_R01|Session1|19,P01_R01,Session 1,P01-20240202-110250,P01-20240202-110250-20,turn-on dairy and eggs,turn on milk frother,access,30.7,32.4,1.7,0.2569,2,lift lid,pick up milk bottle,1.7,2,1,"While the left hand is closing the milk bottle, the right hand presses the power button on the milk frother to start it on."
P01_R01|Session1|20,P01_R01,Session 1,P01-20240202-110250,P01-20240202-110250-21,take containers,pick up milk bottle,retrieve,34.1,34.8,0.7,0.2797,2,turn on milk frother,open fridge,1.3,3,1,Pick up the milk bottle from its handle using the left hand.
P01_R01|Session1|21,P01_R01,Session 1,P01-20240202-110250,P01-20240202-110250-22,open appliances,open fridge,access,36.1,37.1,1.0,0.2925,2,pick up milk bottle,put down milk bottle,0.1,3,1,Open the fridge.
P01_R01|Session1|22,P01_R01,Session 1,P01-20240202-110250,P01-20240202-110250-23,put containers,put down milk bottle,leave,37.2,38.1,0.9,0.2998,2,open fridge,close fridge,-0.1,3,1,Put down the milk bottle inside the fridge in the lower shelf of the door using the left hand.
P01_R01|Session1|23,P01_R01,Session 1,P01-20240202-110250,P01-20240202-110250-24,close appliances,close fridge,block,38.0,38.6,0.6,0.3054,2,put down milk bottle,press button,2.6,3,1,Close the fridge.
P01_R01|Session1|24,P01_R01,Session 1,P01-20240202-110250,P01-20240202-110250-25,press appliances,press button,manipulate,41.2,42.4,1.2,0.3264,2,close fridge,turn mug,93.9,2,1,Using the left hand press the button of the long coffee on the coffee machine.
P01_R01|Session1|25,P01_R01,Session 1,P01-20240202-110250,P01-20240202-110250-76,turn crockery,turn mug,manipulate,136.3,137.3,1.0,0.6561,4,press button,pick up milk frother,-0.6,2,1,hold the mug of coffee with the left hand and rotate it so that the handle is facing to the left side. Then hold the milk frother with the right hand.
P01_R01|Session1|26,P01_R01,Session 1,P01-20240202-110250,P01-20240202-110250-77,take dairy and eggs,pick up milk frother,retrieve,136.7,137.5,0.8,0.6567,4,turn mug,tap milk frother,-0.3,3,1,Pick up the milk frother with the right hand from its base.
P01_R01|Session1|27,P01_R01,Session 1,P01-20240202-110250,P01-20240202-110250-78,pat dairy and eggs,tap milk frother,sense,137.2,138.0,0.8,0.6576,4,pick up milk frother,tilt milk frother,-0.3,2,1,Hit the milk frother on the countertop using the right hand to set the milk frothing inside.
P01_R01|Session1|28,P01_R01,Session 1,P01-20240202-110250,P01-20240202-110250-79,lift dairy and eggs,tilt milk frother,retrieve,137.7,139.9,2.2,0.6583,4,tap milk frother,tilt milk frother,0.0,2,1,Tilt the milk frother to pour the frothed milk from inside it into the mug which is being held using the left hand.
P01_R01|Session1|29,P01_R01,Session 1,P01-20240202-110250,P01-20240202-110250-80,lift dairy and eggs,tilt milk frother,retrieve,139.9,142.8,2.9,0.662,4,tilt milk frother,tilt milk frother,-1.7,2,1,Lift and drop the milk-frother slightly using the right hand up and down twice to get rid of all the froth inside it.
P01_R01|Session1|30,P01_R01,Session 1,P01-20240202-110250,P01-20240202-110250-81,lift dairy and eggs,tilt milk frother,retrieve,141.1,143.1,2.0,0.664,4,tilt milk frother,lift lid,0.3,2,1,Tilt the milk frothing back upwards and place it on the countertop.
P01_R01|Session1|31,P01_R01,Session 1,P01-20240202-110250,P01-20240202-110250-82,lift containers,lift lid,retrieve,143.4,144.8,1.4,0.6797,5,tilt milk frother,one-off,0.1,2,1,"using the left hand, lift the lid of the box of wooden stirrers using the left hand while holding the cover. Pick up one wooden stirrer from inside the box using the left hand as well."
P01_R01|Session1|32,P01_R01,Session 1,P01-20240202-110250,P01-20240202-110250-83,,,transition,144.9,145.2,0.3,0.7051,5,lift lid,stir coffee,0.1,1,0,Move the wooden stirrer from the left hand to the right hand.
P01_R01|Session1|33,P01_R01,Session 1,P01-20240202-110250,P01-20240202-110250-84,mix drinks,stir coffee,merge,145.3,147.1,1.8,0.7128,5,one-off,stir coffee,-0.1,3,1,"Using the wooden stirrer, stir the coffee and the frothed milk in the mug using the right hand rotating clockwise. The left hand is holding the mug to steady it while the coffee and the milk froth are being stirred."
P01_R01|Session1|34,P01_R01,Session 1,P01-20240202-110250,P01-20240202-110250-85,mix drinks,stir coffee,merge,147.0,149.8,2.8,0.7439,5,stir coffee,one-off,0.1,3,1,Now stir the coffee and the milk frothing using the wooden stirrer but stirring a counter-clockwise.
P01_R01|Session1|35,P01_R01,Session 1,P01-20240202-110250,P01-20240202-110250-86,,,retrieve,149.9,150.8,0.9,0.795,5,stir coffee,shake stirrer,-0.1,1,0,Do one final stirring clockwise and then remove the wooden stirrer from the mug.
P01_R01|Session1|36,P01_R01,Session 1,P01-20240202-110250,P01-20240202-110250-87,shake cutlery,shake stirrer,manipulate,150.7,151.6,0.9,0.8107,5,one-off,open milk bottle,1.5,2,1,Shake the wooden stirrer using the right hand to get rid of any excess liquid on it.
P01_R01|Session1|37,P01_R01,Session 1,P01-20240202-110250,P01-20240202-110250-88,open containers,open milk bottle,access,153.1,153.4,0.3,0.8959,6,shake stirrer,throw away stirrer,0.2,3,1,"using the right hand, open the lid of the trash bin."
P01_R01|Session1|38,P01_R01,Session 1,P01-20240202-110250,P01-20240202-110250-89,throw cutlery,throw away stirrer,leave,153.6,154.0,0.4,0.9241,6,open milk bottle,close bin,0.1,3,1,throw the wooden stirrer which is in the right hand inside the bin.
P01_R01|Session1|39,P01_R01,Session 1,P01-20240202-110250,P01-20240202-110250-90,close rubbish,close bin,block,154.1,154.3,0.2,0.948,6,throw away stirrer,,,3,1,"Close the cover of the trash bin using the right hand. This action occurs off screen, but we can hear it."
P01_R01|Session2|0,P01_R01,Session 2,P01-20240203-093333,P01-20240203-093333-1,put crockery,put down mug,leave,7.7,8.5,0.8,0.0277,1,,one-off,2.1,3,1,put the empty plate on the countertop next to the sink
P01_R01|Session2|1,P01_R01,Session 2,P01-20240203-093333,P01-20240203-093333-2,,,sense,10.6,11.1,0.5,0.0377,1,put down mug,lift handle,1.3,1,0,"Touch the handle of the cupboard and attempt to open it, pulling it only marginally, then decide not to open the cupboard and release the handle. You can hear the sound of a partial closing."
P01_R01|Session2|2,P01_R01,Session 2,P01-20240203-093333,P01-20240203-093333-3,lift cookware,lift handle,retrieve,12.4,13.2,0.8,0.0443,1,one-off,pick up mug,0.1,2,1,lift the pot from the drainer holding it with the left hand
P01_R01|Session2|3,P01_R01,Session 2,P01-20240203-093333,P01-20240203-093333-4,take crockery,pick up mug,retrieve,13.3,14.1,0.8,0.0475,1,lift handle,one-off,-0.2,3,1,Pick a mug from the drainer that is under the pot using the right hand holding it from its handle.
P01_R01|Session2|4,P01_R01,Session 2,P01-20240203-093333,P01-20240203-093333-5,,,leave,13.9,14.8,0.9,0.0497,1,pick up mug,turn mug,0.2,1,0,return the pot to the drainer.
P01_R01|Session2|5,P01_R01,Session 2,P01-20240203-093333,P01-20240203-093333-6,turn crockery,turn mug,manipulate,15.0,16.2,1.2,0.0534,1,one-off,one-off,1.6,2,1,turn the mug to be upright
P01_R01|Session2|6,P01_R01,Session 2,P01-20240203-093333,P01-20240203-093333-7,,,retrieve,17.8,18.3,0.5,0.0637,1,turn mug,put down mug,0.0,1,0,lift the shelf of the coffee machine using the left hand
P01_R01|Session2|7,P01_R01,Session 2,P01-20240203-093333,P01-20240203-093333-8,put crockery,put down mug,leave,18.3,18.5,0.2,0.0653,1,one-off,press button,0.5,3,1,Put the mug under the coffee machine's nozzle.
P01_R01|Session2|8,P01_R01,Session 2,P01-20240203-093333,P01-20240203-093333-9,press appliances,press button,manipulate,19.0,19.3,0.3,0.0678,1,put down mug,lift lid,0.1,2,1,press the button on the coffee machine to start the machine
P01_R01|Session2|9,P01_R01,Session 2,P01-20240203-093333,P01-20240203-093333-10,lift containers,lift lid,retrieve,19.4,22.0,2.6,0.0692,1,press button,one-off,0.8,2,1,lift the lid off the water tank of the coffee machine then pick up the water tank separating it from the coffee machine using the right hand
P01_R01|Session2|10,P01_R01,Session 2,P01-20240203-093333,P01-20240203-093333-11,,,manipulate,22.8,23.6,0.8,0.0816,1,lift lid,pick up mug,0.0,1,0,Hold the water tank with the left hand.
P01_R01|Session2|11,P01_R01,Session 2,P01-20240203-093333,P01-20240203-093333-12,take crockery,pick up mug,retrieve,23.6,24.5,0.9,0.0844,1,one-off,one-off,0.1,3,1,pick up the water filter jug from the countertop
P01_R01|Session2|12,P01_R01,Session 2,P01-20240203-093333,P01-20240203-093333-13,,,merge,24.6,26.8,2.2,0.088,1,pick up mug,put down mug,-0.1,1,0,"pour water from the water filter jug into the water tank of the coffee machine by holding the water tank with the left hand, the water filter jug with the right hand, tilting the jug to pour water into the tank."
P01_R01|Session2|13,P01_R01,Session 2,P01-20240203-093333,P01-20240203-093333-14,put crockery,put down mug,leave,26.7,27.9,1.2,0.0953,1,one-off,close lid,0.1,3,1,"put down the water filter jug on the counter top, this action is off screen"
P01_R01|Session2|14,P01_R01,Session 2,P01-20240203-093333,P01-20240203-093333-15,close containers,close lid,block,28.0,29.2,1.2,0.0999,1,put down mug,insert coffee pod,0.0,2,1,close the lid of the water tank while carrying it
P01_R01|Session2|15,P01_R01,Session 2,P01-20240203-093333,P01-20240203-093333-16,put drinks,insert coffee pod,leave,29.2,32.2,3.0,0.1045,1,close lid,pick up milk bottle,0.2,2,1,"Put the water tank back on its base on the back of the coffee machine, having filled it with water, so it's ready to be used for coffee."
P01_R01|Session2|16,P01_R01,Session 2,P01-20240203-093333,P01-20240203-093333-17,take containers,pick up milk bottle,retrieve,32.4,36.8,4.4,0.1157,1,insert coffee pod,put down milk bottle,0.1,3,1,Pick up a box of coffee capsules from the shelf under the countertop using the right hand.
P01_R01|Session2|17,P01_R01,Session 2,P01-20240203-093333,P01-20240203-093333-18,put containers,put down milk bottle,leave,36.9,38.4,1.5,0.1317,1,pick up milk bottle,open milk bottle,0.1,3,1,Put the box on the counter top.
P01_R01|Session2|18,P01_R01,Session 2,P01-20240203-093333,P01-20240203-093333-19,open containers,open milk bottle,access,38.5,43.7,5.2,0.1374,1,put down milk bottle,pick up coffee pod,0.1,3,1,open the box by unfolding its cover.
P01_R01|Session2|19,P01_R01,Session 2,P01-20240203-093333,P01-20240203-093333-20,take drinks,pick up coffee pod,retrieve,43.8,45.6,1.8,0.1563,1,open milk bottle,open compartment,0.0,3,1,Pick up a coffee capsule from the box.
P01_R01|Session2|20,P01_R01,Session 2,P01-20240203-093333,P01-20240203-093333-21,open furniture,open compartment,access,45.6,46.1,0.5,0.1629,1,pick up coffee pod,insert coffee pod,0.0,2,1,Open the coffee machine's compartment by lifting the handle up using the left hand.
P01_R01|Session2|21,P01_R01,Session 2,P01-20240203-093333,P01-20240203-093333-22,put drinks,insert coffee pod,leave,46.1,46.7,0.6,0.1648,1,open compartment,close fridge,0.1,2,1,Put the coffee capsule into the coffee machine.
P01_R01|Session2|22,P01_R01,Session 2,P01-20240203-093333,P01-20240203-093333-23,close appliances,close fridge,block,46.8,47.3,0.5,0.1672,2,insert coffee pod,open fridge,2.5,3,1,close the coffee machine by pulling the handle down locking the capsule in place and closing the compartment of coffee capsules
P01_R01|Session2|23,P01_R01,Session 2,P01-20240203-093333,P01-20240203-093333-24,open appliances,open fridge,access,49.8,50.6,0.8,0.1753,2,close fridge,pick up milk bottle,0.3,3,1,open the fridge
P01_R01|Session2|24,P01_R01,Session 2,P01-20240203-093333,P01-20240203-093333-25,take containers,pick up milk bottle,retrieve,50.9,51.6,0.7,0.1781,2,open fridge,pick up milk bottle,1.7,3,1,Pick up the milk bottle.
P01_R01|Session2|25,P01_R01,Session 2,P01-20240203-093333,P01-20240203-093333-26,take containers,pick up milk bottle,retrieve,53.3,55.3,2.0,0.1848,2,pick up milk bottle,one-off,-0.7,3,1,pick the can of yeast from the upper shelf of the door of the fridge to check its expiry date
P01_R01|Session2|26,P01_R01,Session 2,P01-20240203-093333,P01-20240203-093333-27,,,manipulate,54.6,56.0,1.4,0.1884,2,pick up milk bottle,one-off,0.1,1,0,"Rotate the can of yeast in the right hand around, manipulating it to rotate it in one hand, in order to check where the expiry date is."
P01_R01|Session2|27,P01_R01,Session 2,P01-20240203-093333,P01-20240203-093333-28,,,monitor,56.1,56.8,0.7,0.1924,2,one-off,one-off,0.2,1,0,Look at the bottom of the can of yeast to read the expiry date.
P01_R01|Session2|28,P01_R01,Session 2,P01-20240203-093333,P01-20240203-093333-29,,,monitor,57.0,63.7,6.7,0.1946,2,one-off,close fridge,0.8,1,0,Read the expiry date moving the can a little to get a better reflection of the light to read the date clearly.
P01_R01|Session2|29,P01_R01,Session 2,P01-20240203-093333,P01-20240203-093333-30,close appliances,close fridge,block,64.5,66.5,2.0,0.2152,2,one-off,one-off,1.2,3,1,close the fridge
P01_R01|Session2|30,P01_R01,Session 2,P01-20240203-093333,P01-20240203-093333-31,,,access,67.7,68.0,0.3,0.2237,2,close fridge,one-off,0.1,1,0,Open the trash bin. The can of yeast has expired so it should be discarded.
P01_R01|Session2|31,P01_R01,Session 2,P01-20240203-093333,P01-20240203-093333-32,,,leave,68.1,68.4,0.3,0.2248,2,one-off,close bin,-0.2,1,0,throw the can in the trash bin
P01_R01|Session2|32,P01_R01,Session 2,P01-20240203-093333,P01-20240203-093333-33,close rubbish,close bin,block,68.2,68.4,0.2,0.225,2,one-off,lift lid,1.9,3,1,close the trash bin this action is off screen
P01_R01|Session2|33,P01_R01,Session 2,P01-20240203-093333,P01-20240203-093333-34,lift containers,lift lid,retrieve,70.3,70.9,0.6,0.2308,2,close bin,put down milk bottle,0.1,2,1,lift the lid off the milk frother
P01_R01|Session2|34,P01_R01,Session 2,P01-20240203-093333,P01-20240203-093333-35,put containers,put down milk bottle,leave,71.0,71.2,0.2,0.2327,2,lift lid,open milk bottle,0.5,3,1,Put the lid on the counter top.
P01_R01|Session2|35,P01_R01,Session 2,P01-20240203-093333,P01-20240203-093333-36,open containers,open milk bottle,access,71.7,73.0,1.3,0.2345,2,put down milk bottle,pour milk,0.5,3,1,"Open the milk bottle, holding the bottle with the left hand and the lid with the right hand and rotating the lid counterclockwise."
P01_R01|Session2|36,P01_R01,Session 2,P01-20240203-093333,P01-20240203-093333-37,pour dairy and eggs,pour milk,merge,73.5,76.6,3.1,0.2395,2,open milk bottle,close lid,0.1,2,1,"pour some milk from the bottle into the milk frother, by holding the milk on top of the milk frother and tilting it. The milk frother is sitting on the countertop."
P01_R01|Session2|37,P01_R01,Session 2,P01-20240203-093333,P01-20240203-093333-38,close containers,close lid,block,76.7,77.9,1.2,0.2481,2,pour milk,press button,0.3,2,1,close the milk bottle by putting the lid with the right hand and rotating it clockwise
P01_R01|Session2|38,P01_R01,Session 2,P01-20240203-093333,P01-20240203-093333-39,press appliances,press button,manipulate,78.2,79.0,0.8,0.2522,2,close lid,press button,0.5,2,1,press the button on the milk frother to start it
P01_R01|Session2|39,P01_R01,Session 2,P01-20240203-093333,P01-20240203-093333-40,press appliances,press button,manipulate,79.5,80.1,0.6,0.2557,2,press button,open fridge,2.7,2,1,press the button on the coffee machine to start brewing the coffee
P01_R01|Session2|40,P01_R01,Session 2,P01-20240203-093333,P01-20240203-093333-41,open appliances,open fridge,access,82.8,83.8,1.0,0.2648,2,press button,put down milk bottle,0.3,3,1,Open the fridge.
P01_R01|Session2|41,P01_R01,Session 2,P01-20240203-093333,P01-20240203-093333-42,put containers,put down milk bottle,leave,84.1,84.7,0.6,0.2682,2,open fridge,close fridge,0.1,3,1,"Put the milk bottle in the door of the fridge, in the lower shelf, using the left hand."
P01_R01|Session2|42,P01_R01,Session 2,P01-20240203-093333,P01-20240203-093333-43,close appliances,close fridge,block,84.8,86.2,1.4,0.2701,2,put down milk bottle,open milk bottle,2.3,3,1,Close the fridge.
P01_R01|Session2|43,P01_R01,Session 2,P01-20240203-093333,P01-20240203-093333-44,open containers,open milk bottle,access,88.5,89.5,1.0,0.2801,2,close fridge,one-off,0.3,3,1,Open the box of wooden stirrers.
P01_R01|Session2|44,P01_R01,Session 2,P01-20240203-093333,P01-20240203-093333-45,,,retrieve,89.8,90.4,0.6,0.2836,2,open milk bottle,press button,16.7,1,0,Pick a wooden stirrer from the box.
P01_R01|Session2|45,P01_R01,Session 2,P01-20240203-093333,P01-20240203-093333-46,press appliances,press button,manipulate,107.1,108.4,1.3,0.3306,2,one-off,pick up mug,0.6,2,1,Press the button on the coffee machine to stop brewing coffee.
P01_R01|Session2|46,P01_R01,Session 2,P01-20240203-093333,P01-20240203-093333-47,take crockery,pick up mug,retrieve,109.0,113.5,4.5,0.5078,4,press button,pick up milk frother,0.4,3,1,"Pick up the mug from under the nozzle of the coffee machine. Once the mug is removed, the shelf is dropped automatically."
P01_R01|Session2|47,P01_R01,Session 2,P01-20240203-093333,P01-20240203-093333-48,take dairy and eggs,pick up milk frother,retrieve,113.9,114.6,0.7,0.5489,4,pick up mug,pour milk,0.6,3,1,"Pick up the milk frother from its space. Once it's removed from its space, the light goes off, so the milk frothing stops."
P01_R01|Session2|48,P01_R01,Session 2,P01-20240203-093333,P01-20240203-093333-49,pour dairy and eggs,pour milk,merge,115.2,127.8,12.6,0.5598,4,pick up milk frother,put down milk frother,2.8,2,1,Pour milk from the milk frother into the mug. The mug is being held with the left hand and the milk frother is with the right hand. Tilting the milk frother to pour milk into the mug.
P01_R01|Session2|49,P01_R01,Session 2,P01-20240203-093333,P01-20240203-093333-50,put dairy and eggs,put down milk frother,leave,130.6,131.0,0.4,0.6882,5,pour milk,open fridge,0.2,2,1,put the milk frother under the nozzle of the tap
P01_R01|Session2|50,P01_R01,Session 2,P01-20240203-093333,P01-20240203-093333-51,open appliances,open fridge,access,131.2,131.5,0.3,0.6923,5,put down milk frother,wash milk frother,0.3,3,1,Open the tap.
P01_R01|Session2|51,P01_R01,Session 2,P01-20240203-093333,P01-20240203-093333-52,wash dairy and eggs,wash milk frother,clean,131.8,134.1,2.3,0.6966,5,open fridge,one-off,0.2,2,1,Rinse the milk frother.
P01_R01|Session2|52,P01_R01,Session 2,P01-20240203-093333,P01-20240203-093333-53,,,retrieve,134.3,135.1,0.8,0.716,5,wash milk frother,put down mug,0.4,1,0,Remove the center piece inside the milk frother.
P01_R01|Session2|53,P01_R01,Session 2,P01-20240203-093333,P01-20240203-093333-54,put crockery,put down mug,leave,135.5,135.7,0.2,0.7249,5,one-off,one-off,0.4,3,1,Put the piece on the counter top.
P01_R01|Session2|54,P01_R01,Session 2,P01-20240203-093333,P01-20240203-093333-55,,,retrieve,136.1,136.6,0.5,0.729,5,put down mug,wash milk frother,0.0,1,0,pick up the sponge
P01_R01|Session2|55,P01_R01,Session 2,P01-20240203-093333,P01-20240203-093333-56,wash dairy and eggs,wash milk frother,clean,136.6,138.2,1.6,0.7331,5,one-off,one-off,0.5,2,1,lather the inside of the milk frother using the sponge by inserting the sponge inside the milk frother.
P01_R01|Session2|56,P01_R01,Session 2,P01-20240203-093333,P01-20240203-093333-57,,,leave,138.7,138.9,0.2,0.7483,5,wash milk frother,wash milk frother,-0.1,1,0,Put the sponge back on the countertop.
P01_R01|Session2|57,P01_R01,Session 2,P01-20240203-093333,P01-20240203-093333-58,wash dairy and eggs,wash milk frother,clean,138.8,140.8,2.0,0.7498,5,one-off,close fridge,-0.1,2,1,Rinse the milk frother. This action is somehow off screen.
P01_R01|Session2|58,P01_R01,Session 2,P01-20240203-093333,P01-20240203-093333-59,close appliances,close fridge,block,140.7,141.0,0.3,0.7638,5,wash milk frother,one-off,0.5,3,1,close the tap
P01_R01|Session2|59,P01_R01,Session 2,P01-20240203-093333,P01-20240203-093333-60,,,retrieve,141.5,142.0,0.5,0.77,5,close fridge,one-off,0.2,1,0,Pick the center piece from the counter top.
P01_R01|Session2|60,P01_R01,Session 2,P01-20240203-093333,P01-20240203-093333-61,,,leave,142.2,142.6,0.4,0.7749,5,one-off,put down milk frother,2.2,1,0,"put the center piece back inside the milk frother by inserting the hand into the milk frother, putting the piece in."
P01_R01|Session2|61,P01_R01,Session 2,P01-20240203-093333,P01-20240203-093333-62,put dairy and eggs,put down milk frother,leave,144.8,145.3,0.5,0.7941,5,one-off,pick up mug,0.5,2,1,put the milk frother on its base.
P01_R01|Session2|62,P01_R01,Session 2,P01-20240203-093333,P01-20240203-093333-63,take crockery,pick up mug,retrieve,145.8,146.3,0.5,0.8019,5,put down milk frother,stir coffee,-0.2,3,1,pick up the mug
P01_R01|Session2|63,P01_R01,Session 2,P01-20240203-093333,P01-20240203-093333-64,mix drinks,stir coffee,merge,146.1,149.7,3.6,0.8043,5,pick up mug,one-off,0.0,3,1,Stir the coffee using the wooden stirrer. The wooden stirrer is in the right hand and the mug is being held with the left hand while moving. The milk stirrer will mix the milk with the coffee thoroughly in circular motions counterclockwise.
P01_R01|Session2|64,P01_R01,Session 2,P01-20240203-093333,P01-20240203-093333-65,,,retrieve,149.7,150.6,0.9,0.8308,5,stir coffee,one-off,0.1,1,0,Lift the wooden stirrers out of the mug and shake it to drop any liquid on it.
P01_R01|Session2|65,P01_R01,Session 2,P01-20240203-093333,P01-20240203-093333-66,,,access,150.7,151.0,0.3,0.8736,6,one-off,throw away stirrer,0.2,1,0,open the trash bin
P01_R01|Session2|66,P01_R01,Session 2,P01-20240203-093333,P01-20240203-093333-67,throw cutlery,throw away stirrer,leave,151.2,151.8,0.6,0.9002,6,one-off,close bin,0.2,3,1,Throw the wooden stirrer.
P01_R01|Session2|67,P01_R01,Session 2,P01-20240203-093333,P01-20240203-093333-68,close rubbish,close bin,block,152.0,152.9,0.9,0.9484,6,throw away stirrer,,,3,1,close the trash bin
P01_R01|Session3|0,P01_R01,Session 3,P01-20240204-095114,P01-20240204-095114-1,open appliances,open fridge,access,6.6,7.8,1.2,0.0436,1,,pick up milk bottle,0.1,3,1,open the fridge
P01_R01|Session3|1,P01_R01,Session 3,P01-20240204-095114,P01-20240204-095114-2,take containers,pick up milk bottle,retrieve,7.9,8.3,0.4,0.0521,1,open fridge,close fridge,0.3,3,1,pick up the milk bottle from the lower shelf of the door of the fridge by holding it with the left hand from its handle
P01_R01|Session3|2,P01_R01,Session 3,P01-20240204-095114,P01-20240204-095114-3,close appliances,close fridge,block,8.6,10.2,1.6,0.0566,1,pick up milk bottle,put down milk bottle,0.5,3,1,close the fridge
P01_R01|Session3|3,P01_R01,Session 3,P01-20240204-095114,P01-20240204-095114-4,put containers,put down milk bottle,leave,10.7,11.2,0.5,0.0703,1,close fridge,pick up mug,2.2,3,1,put down the bottle on the counter top next to the hob
P01_R01|Session3|4,P01_R01,Session 3,P01-20240204-095114,P01-20240204-095114-5,take crockery,pick up mug,retrieve,13.4,14.0,0.6,0.0882,1,put down milk bottle,one-off,2.9,3,1,pick up a mug from the drainer
P01_R01|Session3|5,P01_R01,Session 3,P01-20240204-095114,P01-20240204-095114-6,,,retrieve,16.9,17.3,0.4,0.1108,1,pick up mug,put down mug,0.1,1,0,lift the lower part of the coffee machine using the left hand
P01_R01|Session3|6,P01_R01,Session 3,P01-20240204-095114,P01-20240204-095114-7,put crockery,put down mug,leave,17.4,17.9,0.5,0.1144,1,one-off,one-off,0.0,3,1,put the mug under the nozzle of the coffee machine
P01_R01|Session3|7,P01_R01,Session 3,P01-20240204-095114,P01-20240204-095114-8,,,access,17.9,18.5,0.6,0.1179,1,put down mug,one-off,0.9,1,0,switch on the coffee machine by pressing the button at the top using the left hand with the index finger
P01_R01|Session3|8,P01_R01,Session 3,P01-20240204-095114,P01-20240204-095114-9,,,transition,19.4,20.2,0.8,0.1277,1,one-off,open milk bottle,1.5,1,0,move the milk frother across the countertop bringing it closer to the counter edge using the left hand by sliding it across the surface of the countertop
P01_R01|Session3|9,P01_R01,Session 3,P01-20240204-095114,P01-20240204-095114-10,open containers,open milk bottle,access,21.7,22.1,0.4,0.1424,1,one-off,pick up coffee pod,-0.3,3,1,open the cardboard box containing coffee capsules by holding the lid with the left hand pulling it up and keeping the hand to support the lid
P01_R01|Session3|10,P01_R01,Session 3,P01-20240204-095114,P01-20240204-095114-11,take drinks,pick up coffee pod,retrieve,21.8,23.3,1.5,0.143,1,open milk bottle,close lid,0.0,3,1,pick up a coffee capsule using the right hand from the coffee capsule box by inserting the right hand into the box and picking one capsule
P01_R01|Session3|11,P01_R01,Session 3,P01-20240204-095114,P01-20240204-095114-12,close containers,close lid,block,23.3,23.6,0.3,0.153,1,pick up coffee pod,open compartment,0.0,2,1,close the cardboard box by releasing its cover with the left hand so it actually closes
P01_R01|Session3|12,P01_R01,Session 3,P01-20240204-095114,P01-20240204-095114-13,open furniture,open compartment,access,23.6,24.6,1.0,0.1552,1,close lid,insert coffee pod,0.1,2,1,open the compartment of coffee capsules in the coffee machine by holding the handle of the coffee machine with the left hand and pulling it up to reveal the compartment
P01_R01|Session3|13,P01_R01,Session 3,P01-20240204-095114,P01-20240204-095114-14,put drinks,insert coffee pod,leave,24.7,25.5,0.8,0.1622,1,open compartment,one-off,0.1,2,1,place the coffee capsule inside the compartment of the coffee machine by positioning the hand on top of the compartment with the coffee capsule in hand and releasing the coffee capsule so it falls in place inside the compartment
P01_R01|Session3|14,P01_R01,Session 3,P01-20240204-095114,P01-20240204-095114-15,,,block,25.6,26.0,0.4,0.1676,2,insert coffee pod,pick up milk bottle,0.1,1,0,lock the coffee capsule inside the coffee machine by closing the compartment using the handle in the left hand by pulling it down and so the coffee capsule is locked in place
P01_R01|Session3|15,P01_R01,Session 3,P01-20240204-095114,P01-20240204-095114-16,take containers,pick up milk bottle,retrieve,26.1,26.5,0.4,0.1696,2,one-off,open milk bottle,0.0,3,1,pick up the milk bottle from the countertop holding it with the right hand from its handle
P01_R01|Session3|16,P01_R01,Session 3,P01-20240204-095114,P01-20240204-095114-17,open containers,open milk bottle,access,26.5,27.8,1.3,0.1711,2,pick up milk bottle,pour milk,-0.2,3,1,"open the milk bottle by holding the bottle with the right hand, holding the lid with the left hand and rotating the lid counterclockwise with the left hand."
P01_R01|Session3|17,P01_R01,Session 3,P01-20240204-095114,P01-20240204-095114-18,pour dairy and eggs,pour milk,merge,27.6,31.4,3.8,0.175,2,open milk bottle,put down milk bottle,-0.2,2,1,pour milk from the milk bottle into the milk frother by positioning the milk bottle on top of the milk frother and tilting the bottle so water pours into the milk frother. The bottle of milk is being held with the right hand and the milk frother is just supported by its space on the counter top. The left hand is holding the lid of the milk bottle that has just been opened
P01_R01|Session3|18,P01_R01,Session 3,P01-20240204-095114,P01-20240204-095114-19,put containers,put down milk bottle,leave,31.2,32.1,0.9,0.1886,2,pour milk,close lid,0.1,3,1,put the milk bottle on the countertop
P01_R01|Session3|19,P01_R01,Session 3,P01-20240204-095114,P01-20240204-095114-20,close containers,close lid,block,32.2,33.3,1.1,0.1922,2,put down milk bottle,turn on milk frother,-1.1,2,1,close the milk bottle by positioning the lid with the left hand on top of the milk bottle and rotating it clockwise the bottle is standing on the countertop
P01_R01|Session3|20,P01_R01,Session 3,P01-20240204-095114,P01-20240204-095114-21,turn-on dairy and eggs,turn on milk frother,access,32.2,32.9,0.7,0.1924,2,close lid,one-off,2.5,2,1,try to start the milk frother by pressing the button on the outside using the right hand but it doesn't start because the plug is not in the socket
P01_R01|Session3|21,P01_R01,Session 3,P01-20240204-095114,P01-20240204-095114-22,,,merge,35.4,36.7,1.3,0.2043,2,turn on milk frother,one-off,0.3,1,0,plug the milk frother in the socket by picking up the plug from the countertop positioning it on the socket rightly and pushing in place with the right hand
P01_R01|Session3|22,P01_R01,Session 3,P01-20240204-095114,P01-20240204-095114-23,,,access,37.0,38.3,1.3,0.2102,2,one-off,turn on milk frother,0.5,1,0,switch on the socket by pressing the button next to the plug with the right hand index
P01_R01|Session3|23,P01_R01,Session 3,P01-20240204-095114,P01-20240204-095114-24,turn-on dairy and eggs,turn on milk frother,access,38.8,39.8,1.0,0.217,2,one-off,open cupboard,2.0,2,1,turn on the milk frother by pressing the button on the outside using the right hand holding the milk frother with the right hand and pressing with the thumb
P01_R01|Session3|24,P01_R01,Session 3,P01-20240204-095114,P01-20240204-095114-25,open storage,open cupboard,access,41.8,42.7,0.9,0.2279,2,turn on milk frother,close lid,60.6,2,1,open the upper cupboard using the left hand holding the handle
P01_R01|Session3|25,P01_R01,Session 3,P01-20240204-095114,P01-20240204-095114-55,close containers,close lid,block,103.3,104.1,0.8,0.5905,4,open cupboard,one-off,0.2,2,1,close the box of wooden stirrers by releasing its top
P01_R01|Session3|26,P01_R01,Session 3,P01-20240204-095114,P01-20240204-095114-56,,,transition,104.3,106.5,2.2,0.593,4,close lid,pick up milk frother,6.3,1,0,move the mug on the countertop getting it closer to the edge and away from the coffee machine by holding the handle with the left hand and sliding slightly on the surface
P01_R01|Session3|27,P01_R01,Session 3,P01-20240204-095114,P01-20240204-095114-57,take dairy and eggs,pick up milk frother,retrieve,112.8,113.6,0.8,0.6162,4,one-off,tap milk frother,1.3,3,1,pick up the milk frother from its base on the countertop using the right hand in doing so the button on it actually gets switched off so by lifting it actually the milk frother is switched off
P01_R01|Session3|28,P01_R01,Session 3,P01-20240204-095114,P01-20240204-095114-58,pat dairy and eggs,tap milk frother,sense,114.9,116.4,1.5,0.6219,4,pick up milk frother,pour milk,0.0,2,1,hit the milk frother twice on the surface of the countertop using the right hand to steady the frothed milk inside it
P01_R01|Session3|29,P01_R01,Session 3,P01-20240204-095114,P01-20240204-095114-59,pour dairy and eggs,pour milk,merge,116.4,123.1,6.7,0.626,4,tap milk frother,tilt milk frother,-1.4,2,1,pour the frothed milk from the milk frother into the mug holding the mug with the left hand while it's resting on the countertop and holding the milk frother with the right hand tilting it positioning it on top of the mug using the right hand
P01_R01|Session3|30,P01_R01,Session 3,P01-20240204-095114,P01-20240204-095114-60,lift dairy and eggs,tilt milk frother,retrieve,121.7,130.9,9.2,0.6402,4,pour milk,one-off,0.4,2,1,carefully allow the remaining frothed milk to be poured on the mug which is nearly filled by only very slowly tilting the milk frother
P01_R01|Session3|31,P01_R01,Session 3,P01-20240204-095114,P01-20240204-095114-61,,,leave,131.3,132.1,0.8,0.6662,4,tilt milk frother,put down milk frother,2.3,1,0,put the wooden stirrer inside the mug which contains coffee and frothed milk
P01_R01|Session3|32,P01_R01,Session 3,P01-20240204-095114,P01-20240204-095114-62,put dairy and eggs,put down milk frother,leave,134.4,134.8,0.4,0.6856,5,one-off,open fridge,0.1,2,1,position the milk frother under the nozzle of the tap in the sink
P01_R01|Session3|33,P01_R01,Session 3,P01-20240204-095114,P01-20240204-095114-63,open appliances,open fridge,access,134.9,135.2,0.3,0.6883,5,put down milk frother,wash milk frother,0.2,3,1,open the tap
P01_R01|Session3|34,P01_R01,Session 3,P01-20240204-095114,P01-20240204-095114-64,wash dairy and eggs,wash milk frother,clean,135.4,138.9,3.5,0.6917,5,open fridge,close fridge,0.3,2,1,rinse the milk frother also using the right hand index to scrape its inner surface
P01_R01|Session3|35,P01_R01,Session 3,P01-20240204-095114,P01-20240204-095114-65,close appliances,close fridge,block,139.2,139.5,0.3,0.7153,5,wash milk frother,one-off,-0.2,3,1,close the tap
P01_R01|Session3|36,P01_R01,Session 3,P01-20240204-095114,P01-20240204-095114-66,,,manipulate,139.3,140.1,0.8,0.7158,5,close fridge,open fridge,-0.1,1,0,turn the milk frother upside down to empty the water inside it
P01_R01|Session3|37,P01_R01,Session 3,P01-20240204-095114,P01-20240204-095114-67,open appliances,open fridge,access,140.0,140.5,0.5,0.7206,5,one-off,wash milk frother,0.1,3,1,open the tap again
P01_R01|Session3|38,P01_R01,Session 3,P01-20240204-095114,P01-20240204-095114-68,wash dairy and eggs,wash milk frother,clean,140.6,141.7,1.1,0.724,5,open fridge,close fridge,-0.1,2,1,rinse the milk frother
P01_R01|Session3|39,P01_R01,Session 3,P01-20240204-095114,P01-20240204-095114-69,close appliances,close fridge,block,141.6,142.1,0.5,0.7307,5,wash milk frother,one-off,0.0,3,1,close the tap
P01_R01|Session3|40,P01_R01,Session 3,P01-20240204-095114,P01-20240204-095114-70,,,manipulate,142.1,142.9,0.8,0.7334,5,close fridge,put down milk frother,2.9,1,0,turn the milk frother upside down to empty the water inside it this action is mostly off screen
P01_R01|Session3|41,P01_R01,Session 3,P01-20240204-095114,P01-20240204-095114-71,put dairy and eggs,put down milk frother,leave,145.8,147.0,1.2,0.757,5,one-off,one-off,0.6,2,1,put the milk frother back on its base on the countertop using the right hand
P01_R01|Session3|42,P01_R01,Session 3,P01-20240204-095114,P01-20240204-095114-72,,,clean,147.6,150.3,2.7,0.7682,5,put down milk frother,one-off,0.3,1,0,dry the hands using the towel on the handrail of the oven by holding it from its edge this action is mostly off-screen
P01_R01|Session3|43,P01_R01,Session 3,P01-20240204-095114,P01-20240204-095114-73,,,manipulate,150.6,151.3,0.7,0.7868,5,one-off,one-off,0.4,1,0,hold the mug with the left hand on the countertop
P01_R01|Session3|44,P01_R01,Session 3,P01-20240204-095114,P01-20240204-095114-74,,,manipulate,151.7,152.5,0.8,0.7937,5,one-off,pick up mug,-0.5,1,0,hold the wooden stirrer which was resting inside the coffee mug
P01_R01|Session3|45,P01_R01,Session 3,P01-20240204-095114,P01-20240204-095114-75,take crockery,pick up mug,retrieve,152.0,152.5,0.5,0.7958,5,one-off,stir coffee,-0.3,3,1,pick up the coffee mug from the countertop
P01_R01|Session3|46,P01_R01,Session 3,P01-20240204-095114,P01-20240204-095114-76,mix drinks,stir coffee,merge,152.2,157.3,5.1,0.7973,5,pick up mug,shake stirrer,0.0,3,1,stir the coffee inside the mug mixing the coffee with the frothed milk by rotating the wooden stirrer inside the mug in circular motions clockwise quickly and repeatedly until the coffee is fully mixed with the frothed milk
P01_R01|Session3|47,P01_R01,Session 3,P01-20240204-095114,P01-20240204-095114-77,shake cutlery,shake stirrer,manipulate,157.3,158.6,1.3,0.8289,5,stir coffee,open milk bottle,0.8,2,1,shake the wooden stirrer on top of the mug to drop any liquid that stuck to it
P01_R01|Session3|48,P01_R01,Session 3,P01-20240204-095114,P01-20240204-095114-78,open containers,open milk bottle,access,159.4,160.1,0.7,0.8691,6,shake stirrer,throw away stirrer,-0.2,3,1,open the lid of the trash bin
P01_R01|Session3|49,P01_R01,Session 3,P01-20240204-095114,P01-20240204-095114-79,throw cutlery,throw away stirrer,leave,159.9,160.6,0.7,0.8827,6,open milk bottle,close bin,-0.2,3,1,throw the wooden stirrer in the trash bin
P01_R01|Session3|50,P01_R01,Session 3,P01-20240204-095114,P01-20240204-095114-80,close rubbish,close bin,block,160.4,161.3,0.9,0.8945,6,throw away stirrer,put down mug,2.3,3,1,close the trash bin
P01_R01|Session3|51,P01_R01,Session 3,P01-20240204-095114,P01-20240204-095114-81,put crockery,put down mug,leave,163.6,164.5,0.9,0.9769,6,close bin,,,3,1,put the mug on the counter top
