item_id,outcome,answer
I001,,
I002,,
I003,,
I004,,
I005,,
I006,,
I007,,
I008,,
I009,,
I010,,
I011,,
I012,,
I013,,
I014,,
I015,,
I016,,
I017,,
I018,,
I019,,
I020,,
I021,,
I022,,
I023,,
I024,,
I025,,
I026,,
I027,,
I028,,
I029,,
I030,,
I031,,
I032,,
I033,,
I034,,
I035,,
I036,,
I037,,
I038,,
I039,,
I040,,
I041,,
I042,,
I043,,
I044,,
I045,,
I046,,
I047,,
I048,,
I049,,
I050,,
I051,,
I052,,
I053,,
I054,,
I055,,
I056,,
I057,,
I058,,
I059,,
I060,,
I061,,
I062,,
I063,,
I064,,
I065,,
I066,,
I067,,
I068,,
I069,,
I070,,
I071,,
I072,,
I073,,
I074,,
I075,,
I076,,
I077,,
I078,,
I079,,
I080,,
I081,,
I082,,
I083,,
I084,,
I085,,
I086,,
I087,,
I088,,
I089,,
I090,,
I091,,
I092,,
I093,,
I094,,
I095,,
I096,,
